Nombre ,Marca,tamaño,Codigo de barra,Precio
Nitro pour homme Elixir,Dumont Paris,100 ml,3760060769541,"59,00 €"
Nitro pour homme red intensely,Dumont Paris,100 ml,3760060769565,"59,00 €"
Nitro pour homme blue,Dumont Paris,100 ml,3760060761897,"44,00 €"
Nitro pour homme Red,Dumont Paris,100 ml,3760060761880,"44,00 €"
Blint hooran,Sahari,100 ml,6294019015290,"24,90 €"
Bint Hooran rose passion,By ard al zaafaran,100 ml,6295199793503,"24,90 €"
Night club absolute,fragance world,100 ml,6290360378459,"33,50 €"
coco blend,Ahmed al maghribi,90 ml,6290360615233,"36,30 €"
Blu oud,Ahmed al maghribi,100 ml,6290360614618,"34,90 €"
Hayana,Ahmed al maghribi,100 ml,6290360614625,"34,90 €"
Opulent musk,lattafa,100 ml,6291107450445,"25,00 €"
Obsidian,French Avenue,100 ml,6298042001879,"44,50 €"
Kafu al nasr,Amaran exclusive,100 ml,6294019030583,"39,00 €"
Odyssey Mandarin Sky Vintage,Armaf,100 ml,6295199812075,"34,50 €"
Dubai delicacy Kunafa chocolate,Armaf,70 ml,6295199806814,"34,90 €"
Dubai delicacy cotton candy,Armaf,70 ml,6295199815045,"34,90 €"
Aiyara,Rasasi,100 ml,614514261033,"26,50 €"
Sheikh huyukh,lattafa,100 ml,6290362345831,"24,00 €"
pure oudi,lattafa,100 ml,6426185651068,"24,50 €"
Raghba,lattafa,100 ml,6225709721238,"24,50 €"
Elysia lychee fizz,fragance world,100 ml,6290360379142,"28,50 €"
Elysia vanilla sugar,fragance world,100 ml,6290360379159,"28,50 €"
Elysia apple rouge,fragance world,100 ml,6290360379104,"28,50 €"
Musk collection Tropical Fruits,By Gulf Orchid,60 ml,6291107015989,"28,90 €"
Musk collection Blueberry,By Gulf Orchid,60 ml,6291107015989,"28,90 €"
Musk collection toffee,By Gulf Orchid,60 ml,6290362161516,"28,90 €"
Musk collection piña colada,By Gulf Orchid,60 ml,6290362161547,"28,90 €"
Musk collection cotton candy,By Gulf Orchid,60 ml,6290362161523,"28,90 €"
Musk collection Angel musk,By Gulf Orchid,60 ml,6290362161530,"28,90 €"
Musk collection pistachio,By Gulf Orchid,60 ml,6290362161493,"28,90 €"
Unsolvet Mystery,Maison Asrar,100 ml,6290362163862,"35,00 €"
Love Key,Maison Asrar,100 ml,6290362163848,"35,00 €"
Plot Twist,Maison Asrar,100 ml,6290362163855,"35,00 €"
Muharib,Maison Asrar,100 ml,6290362164487,"47,50 €"
Faris Al Arab,Maison Asrar,100 ml,6290362164494,"47,50 €"
Hikaya,Maison Asrar,100 ml,6290362162834,"49,90 €"
Hilm,Maison Asrar,100 ml,6290362162858,"49,90 €"
Vision,Maison Asrar,100 ml,6290362162841,"49,90 €"
Aseel,Maison Asrar,100 ml,6290362163824,"38,60 €"
Khayyal,Maison Asrar,100 ml,6290362163831,"38,60 €"
Mohra,Maison Asrar,100 ml,6290362163817,"38,60 €"
Leo,Maison Asrar,100 ml,6290362160762,"33,40 €"
Rey,Maison Asrar,100 ml,6290362160755,"33,40 €"
Legacy Royal Collection,Maison Asrar,100 ml,6290362163107,"44,50 €"
Hunter,Maison Asrar,100 ml,6290362160748,"33,40 €"
Kafu,Amaran exclusive,100 ml,6294019030576,"39,00 €"
Royal taboo,French Avenue,100 ml,6290360379227,"49,00 €"
Platine Blanc,French Avenue,100 ml,6290360379234,"49,00 €"
An Equestrian Series Pierce,French Avenue,100 ml,6290360378145,"43,50 €"
Irida Extrait,French Avenue,100 ml,6290360376592,"39,90 €"
Marshmallow,French Avenue,100 ml,6290362163350,"33,50 €"
Naughty vanilla,By Gulf Orchid,100 ml,6290362163343,"33,50 €"
coco blanco,By Gulf Orchid,100 ml,6290362163367,"33,50 €"
Qaed al fursan untamed,Lattafa,90 ml,6290362340645,"22,50 €"
Infini Intoxicating cherry,Maison alhambra,100 ml,6290362340720,"32,60 €"
Dynasty,Lattafa,100 ml,6290360598857,"35,50 €"
Prive series YYY Extrait de parfum,fragance world,70 ml,6290360375137,"36,50 €"